,title,author,source,description,content,pub_date,url,photo_url,combined_txt,tokens,lemms
0,"Google’s Year in Search 2022 was dominated by Wordle, Ukraine and a cricket World Cup",Mariella Moon,"{'id': 'engadget', 'name': 'Engadget'}","Wordle topped Google's Year in Search for 2022, beating even the biggest events in the world over the past few months. Searches for the five-letter word game peaked shortly after it was acquired byThe New York Times in February, perhaps when people had to loo…","Wordle topped Google's Year in Search for 2022, beating even the biggest events in the world over the past few months. Searches for the five-letter word game peaked shortly after it was acquired byTh… [+2436 chars]",2022-12-07,https://www.engadget.com/google-year-in-search-2022-123501384.html,https://s.yimg.com/os/creatr-uploaded-images/2022-12/577d8550-7618-11ed-beff-d7fb50e00414,google s year in search  was dominated by wordle ukraine and a cricket world cup wordle topped google is year in search for  beating even the biggest events in the world over the past few months searches for the five letter word game peaked shortly after it was acquired byth  chars,"['google', 'year', 'search', 'dominated', 'wordle', 'ukraine', 'cricket', 'world', 'cup', 'wordle', 'topped', 'google', 'year', 'search', 'beating', 'even', 'biggest', 'events', 'world', 'past', 'months', 'searches', 'five', 'letter', 'word', 'game', 'peaked', 'shortly', 'acquired', 'byth', 'chars']",google year search dominated wordle ukraine cricket world cup wordle topped google year search beating even biggest event world past month search five letter word game peaked shortly acquired byth char
1,OnePlus 11 5G and Buds Pro 2 event set for February 7th,Kris Holt,"{'id': 'engadget', 'name': 'Engadget'}","OnePlus
 has revealed when it will formally show off its flagship products for 2023. The Cloud 11 event will take place in New Delhi, India, on February 7th. The company will showcase the OnePlus 11 5G, OnePlus Buds Pro 2 and more.Along with revealing the ev…","OnePlus
 has revealed when it will formally show off its flagship products for 2023. The Cloud 11 event will take place in New Delhi, India, on February 7th. The company will showcase the OnePlus 11… [+1457 chars]",2022-12-19,https://www.engadget.com/oneplus-11-5g-buds-pro-2-reveal-event-date-140054267.html,https://s.yimg.com/os/creatr-uploaded-images/2022-12/550e3c90-7d77-11ed-af5e-5d43aa3f6fb9,oneplus  g and buds pro  event set for february th oneplus has revealed when it will formally show off its flagship products for  the cloud  event will take place in new delhi india on february th the company will showcase the oneplus   chars,"['oneplus', 'g', 'buds', 'pro', 'event', 'set', 'february', 'th', 'oneplus', 'revealed', 'formally', 'show', 'flagship', 'products', 'cloud', 'event', 'take', 'place', 'new', 'delhi', 'india', 'february', 'th', 'company', 'showcase', 'oneplus', 'chars']",oneplus g bud pro event set february th oneplus revealed formally show flagship product cloud event take place new delhi india february th company showcase oneplus char
2,The Morning After: We tried Dyson’s air-purifying headphones,Mat Smith,"{'id': 'engadget', 'name': 'Engadget'}","Dyson’s Zone is a headset-visor that processes the air you breathe and pumps it, well, into your face. Now we know the price ($949!) and launch date (March 2023), the company invited press to strap the baffling device on and test it a little more extensively.…","Dysons Zone is a headset-visor that processes the air you breathe and pumps it, well, into your face. Now we know the price ($949!) and launch date (March 2023), the company invited press to strap th… [+5634 chars]",2022-12-20,https://www.engadget.com/the-morning-after-we-tried-dysons-air-purifying-headphones-121506892.html,https://s.yimg.com/os/creatr-uploaded-images/2022-12/19297870-7fc0-11ed-afd6-05501d3b8cb0,the morning after we tried dyson s air purifying headphones dysons zone is a headset visor that processes the air you breathe and pumps it well into your face now we know the price  and launch date march  the company invited press to strap th  chars,"['morning', 'tried', 'dyson', 'air', 'purifying', 'headphones', 'dysons', 'zone', 'headset', 'visor', 'processes', 'air', 'breathe', 'pumps', 'well', 'face', 'know', 'price', 'launch', 'date', 'march', 'company', 'invited', 'press', 'strap', 'th', 'chars']",morning tried dyson air purifying headphone dysons zone headset visor process air breathe pump well face know price launch date march company invited press strap th char
3,"7 Best Cookbooks (Winter 2022): I Am From Here, Budmo, The Perfect Loaf",Joe Ray,"{'id': 'wired', 'name': 'Wired'}","These favorites from the second half of the year teach us about Ukrainian and Chinese-American cuisines, cocktails, and sourdough loaves.","Up until a couple of years ago, or perhaps right up to this very moment, you'd imagine that a cookbook with Southern Chef in the title would mean beans and cornbread, ham hocks and collards. This par… [+905 chars]",2022-12-08,https://www.wired.com/gallery/best-cookbooks-fall-winter-2022/,"https://media.wired.com/photos/6391303e41224999a9db8bde/191:100/w_2580,c_limit/Best-Cookbooks-2022-Gear-GettyImages-1300568328.jpg",best cookbooks winter  i am from here budmo the perfect loaf up until a couple of years ago or perhaps right up to this very moment you would imagine that a cookbook with southern chef in the title would mean beans and cornbread ham hocks and collards this par  chars,"['best', 'cookbooks', 'winter', 'budmo', 'perfect', 'loaf', 'couple', 'years', 'ago', 'perhaps', 'right', 'moment', 'would', 'imagine', 'cookbook', 'southern', 'chef', 'title', 'would', 'mean', 'beans', 'cornbread', 'ham', 'hocks', 'collards', 'par', 'chars']",best cookbook winter budmo perfect loaf couple year ago perhaps right moment would imagine cookbook southern chef title would mean bean cornbread ham hock collard par char
4,The Case That Foreshadowed the Lessons of the FTX Collapse,Antara Haldar,"{'id': 'wired', 'name': 'Wired'}","Before there was SBF, there was another “ethical crusader” who learned the same hard truths about the technology of trust.","For the past three seemingly glorious years, the 30-year-old boy wonder Sam Bankman-Fried, or SBF, crowned the King of Crypto, bore an uncanny resemblance to the legendary character Robin Hood. Using… [+4839 chars]",2022-12-21,https://www.wired.com/story/cryptocurrency-sbf-ftx-microfinance/,"https://media.wired.com/photos/63a2366d2b5612eae8066cbc/191:100/w_1280,c_limit/ftx-finance-sam-bankman-fried.jpg",the case that foreshadowed the lessons of the ftx collapse for the past three seemingly glorious years the  year old boy wonder sam bankman fried or sbf crowned the king of crypto bore an uncanny resemblance to the legendary character robin hood using  chars,"['case', 'foreshadowed', 'lessons', 'ftx', 'collapse', 'past', 'three', 'seemingly', 'glorious', 'years', 'year', 'old', 'boy', 'wonder', 'sam', 'bankman', 'fried', 'sbf', 'crowned', 'king', 'crypto', 'bore', 'uncanny', 'resemblance', 'legendary', 'character', 'robin', 'hood', 'using', 'chars']",case foreshadowed lesson ftx collapse past three seemingly glorious year year old boy wonder sam bankman fried sbf crowned king crypto bore uncanny resemblance legendary character robin hood using char
5,El Niño Is Coming—and the World Isn’t Prepared,Bill McGuire,"{'id': 'wired', 'name': 'Wired'}",Global heating will set the stage for extreme weather everywhere in 2023. The consequences are likely to be cataclysmic.,"In 2023, the relentless increase in global heating will continue, bringing ever more disruptive weather that is the signature calling card of accelerating climate breakdown. 
According to NASA, 2022… [+4342 chars]",2022-12-24,https://www.wired.com/story/climate-environment-hurricane/,"https://media.wired.com/photos/63a07f94e07d189669191b25/191:100/w_1280,c_limit/04_El-nino-is-coming.jpg",el nio is coming and the world isn t prepared in  the relentless increase in global heating will continue bringing ever more disruptive weather that is the signature calling card of accelerating climate breakdown according to nasa   chars,"['el', 'nio', 'coming', 'world', 'prepared', 'relentless', 'increase', 'global', 'heating', 'continue', 'bringing', 'ever', 'disruptive', 'weather', 'signature', 'calling', 'card', 'accelerating', 'climate', 'breakdown', 'according', 'nasa', 'chars']",el nio coming world prepared relentless increase global heating continue bringing ever disruptive weather signature calling card accelerating climate breakdown according nasa char
6,Foxconn Expects to Resume Full iPhone Production by January Following Violent China Protests,Mack DeGeurin,"{'id': None, 'name': 'Gizmodo.com'}",Major Apple supplier Foxconn says its Zhengzhou iPhone plant should resume “full production” by January following months marked by covid-19 outbreaks and mass protests in response to strict pandemic restrictions. Read more...,Major Apple supplier Foxconn says its Zhengzhou iPhone plant should resume full production by January following months marked by covid-19 outbreaks and mass protests in response to strict pandemic re… [+2341 chars],2022-12-05,https://gizmodo.com/foxconn-iphone-14-protests-china-covid-apple-1849853432,"https://i.kinja-img.com/gawker-media/image/upload/c_fill,f_auto,fl_progressive,g_center,h_675,pg_1,q_80,w_1200/8a5bf9a9beb56ae95bbf6f656282b143.jpg",foxconn expects to resume full iphone production by january following violent china protests major apple supplier foxconn says its zhengzhou iphone plant should resume full production by january following months marked by covid  outbreaks and mass protests in response to strict pandemic re  chars,"['foxconn', 'expects', 'resume', 'full', 'iphone', 'production', 'january', 'following', 'violent', 'china', 'protests', 'major', 'apple', 'supplier', 'foxconn', 'says', 'zhengzhou', 'iphone', 'plant', 'resume', 'full', 'production', 'january', 'following', 'months', 'marked', 'covid', 'outbreaks', 'mass', 'protests', 'response', 'strict', 'pandemic', 'chars']",foxconn expects resume full iphone production january following violent china protest major apple supplier foxconn say zhengzhou iphone plant resume full production january following month marked covid outbreak mass protest response strict pandemic char
7,Convicted Saudi Twitter Spy Sentenced to More Than Three Years in Prison,Mack DeGeurin,"{'id': None, 'name': 'Gizmodo.com'}","While newly named Twitter CEO Elon Musk continues to explore new ways to flesh out leakers from companies, the U.S. government’s been busy closing out a court case against actual Twitter spies. Now, according to NBC, a former Twitter employee convicted of exp…","While newly named Twitter CEO Elon Musk continues to explore new ways to flesh out leakers from companies, the U.S. governments been busy closing out a court case against actual Twitter spies. Now, a… [+3055 chars]",2022-12-15,https://gizmodo.com/twitter-saudi-spy-mohammed-bin-salman-1849897907,"https://i.kinja-img.com/gawker-media/image/upload/c_fill,f_auto,fl_progressive,g_center,h_675,pg_1,q_80,w_1200/37673465ec9f8201b779d3508179695c.jpg",convicted saudi twitter spy sentenced to more than three years in prison while newly named twitter ceo elon musk continues to explore new ways to flesh out leakers from companies the u s governments been busy closing out a court case against actual twitter spies now a  chars,"['convicted', 'saudi', 'twitter', 'spy', 'sentenced', 'three', 'years', 'prison', 'newly', 'named', 'twitter', 'ceo', 'elon', 'musk', 'continues', 'explore', 'new', 'ways', 'flesh', 'leakers', 'companies', 'u', 'governments', 'busy', 'closing', 'court', 'case', 'actual', 'twitter', 'spies', 'chars']",convicted saudi twitter spy sentenced three year prison newly named twitter ceo elon musk continues explore new way flesh leaker company u government busy closing court case actual twitter spy char
8,"Air Pollution Causes Nearly a Million Stillbirths Every Year, Study Finds",Lauren Leffer,"{'id': None, 'name': 'Gizmodo.com'}","Every day, people all across the world breathe in poison. Outdoor air pollution kills an estimated 7 million people annually, according to the World Health Organization. Most of that toxic, deadly pollution is fine particulate matter, known as PM2.5, which co…","Every day, people all across the world breathe in poison. Outdoor air pollution kills an estimated 7 million people annually, according to the World Health Organization. Most of that toxic, deadly po… [+5492 chars]",2022-11-30,https://gizmodo.com/air-pollution-stillbirths-1849836024,"https://i.kinja-img.com/gawker-media/image/upload/c_fill,f_auto,fl_progressive,g_center,h_675,pg_1,q_80,w_1200/f4e0c0786b7865cf9d2bb3e5a6eaed53.jpg",air pollution causes nearly a million stillbirths every year study finds every day people all across the world breathe in poison outdoor air pollution kills an estimated  million people annually according to the world health organization most of that toxic deadly po  chars,"['air', 'pollution', 'causes', 'nearly', 'million', 'stillbirths', 'every', 'year', 'study', 'finds', 'every', 'day', 'people', 'across', 'world', 'breathe', 'poison', 'outdoor', 'air', 'pollution', 'kills', 'estimated', 'million', 'people', 'annually', 'according', 'world', 'health', 'organization', 'toxic', 'deadly', 'po', 'chars']",air pollution cause nearly million stillbirth every year study find every day people across world breathe poison outdoor air pollution kill estimated million people annually according world health organization toxic deadly po char
9,India makes big strides in African healthcare,https://www.facebook.com/bbcnews,"{'id': 'bbc-news', 'name': 'BBC News'}",The rapid expansion of Indian healthcare firms in Africa has not been without problems.,"Like many African doctors, Peter Mativo had to travel overseas to complete his training.
In 2007 he left Kenya for Bangalore to pursue his goal of becoming a neurologist. After 18 months in India, h… [+5745 chars]",2022-12-02,https://www.bbc.co.uk/news/business-63476025,https://ichef.bbci.co.uk/news/1024/branded_news/124CC/production/_127565947_goodstrain.jpg,india makes big strides in african healthcare like many african doctors peter mativo had to travel overseas to complete his training in  he left kenya for bangalore to pursue his goal of becoming a neurologist after  months in india h  chars,"['india', 'makes', 'big', 'strides', 'african', 'healthcare', 'like', 'many', 'african', 'doctors', 'peter', 'mativo', 'travel', 'overseas', 'complete', 'training', 'left', 'kenya', 'bangalore', 'pursue', 'goal', 'becoming', 'neurologist', 'months', 'india', 'h', 'chars']",india make big stride african healthcare like many african doctor peter mativo travel overseas complete training left kenya bangalore pursue goal becoming neurologist month india h char
10,India and China troops clash on Arunachal Pradesh mountain border,https://www.facebook.com/bbcnews,"{'id': 'bbc-news', 'name': 'BBC News'}",The Indian army says a small number of soldiers fought on Friday but both sides disengaged quickly.,"India says its forces have clashed with Chinese troops in a disputed area along the border, the first such flare-up in more than a year.
The nations had been working to de-escalate tensions since a … [+1678 chars]",2022-12-13,https://www.bbc.co.uk/news/world-asia-63953400,https://ichef.bbci.co.uk/news/1024/branded_news/11786/production/_127985517_gettyimages-1231432460.jpg,india and china troops clash on arunachal pradesh mountain border india says its forces have clashed with chinese troops in a disputed area along the border the first such flare up in more than a year the nations had been working to de escalate tensions since a  chars,"['india', 'china', 'troops', 'clash', 'arunachal', 'pradesh', 'mountain', 'border', 'india', 'says', 'forces', 'clashed', 'chinese', 'troops', 'disputed', 'area', 'along', 'border', 'first', 'flare', 'year', 'nations', 'working', 'de', 'escalate', 'tensions', 'since', 'chars']",india china troop clash arunachal pradesh mountain border india say force clashed chinese troop disputed area along border first flare year nation working de escalate tension since char
12,Covid-19: PM Modi cautions India amid China coronavirus surge,https://www.facebook.com/bbcnews,"{'id': 'bbc-news', 'name': 'BBC News'}",Prime Minister Narendra Modi held a review meeting amid a surge in cases in China which has put India on alert.,"Indian Prime Minister Narendra Modi has urged people to start wearing masks again as the country steps up surveillance of Covid cases.
Mr Modi held a review meeting on Thursday amid a surge in cases… [+2946 chars]",2022-12-23,https://www.bbc.co.uk/news/world-asia-india-64073259,https://ichef.bbci.co.uk/news/1024/branded_news/12AC0/production/_128108467_gettyimages-1245786475-594x594.jpg,covid  pm modi cautions india amid china coronavirus surge indian prime minister narendra modi has urged people to start wearing masks again as the country steps up surveillance of covid cases mr modi held a review meeting on thursday amid a surge in cases  chars,"['covid', 'pm', 'modi', 'cautions', 'india', 'amid', 'china', 'coronavirus', 'surge', 'indian', 'prime', 'minister', 'narendra', 'modi', 'urged', 'people', 'start', 'wearing', 'masks', 'country', 'steps', 'surveillance', 'covid', 'cases', 'mr', 'modi', 'held', 'review', 'meeting', 'thursday', 'amid', 'surge', 'cases', 'chars']",covid pm modi caution india amid china coronavirus surge indian prime minister narendra modi urged people start wearing mask country step surveillance covid case mr modi held review meeting thursday amid surge case char
13,Nirbhaya 10 years on: The lives the Delhi gang rape changed,https://www.facebook.com/bbcnews,"{'id': 'bbc-news', 'name': 'BBC News'}",A horrific gang rape and murder shocked the world in 2012 - has anything changed for women in India?,"Ten years ago this month, a horrific gang rape and murder in Delhi was a watershed moment which focused India's national conversation on an issue previously left in the shadows - violence against wom… [+11998 chars]",2022-12-06,https://www.bbc.co.uk/news/world-63817388,https://ichef.bbci.co.uk/news/1024/branded_news/9C99/production/_127898004_delhirape_promo_thumb_01-1.jpg,nirbhaya  years on the lives the delhi gang rape changed ten years ago this month a horrific gang rape and murder in delhi was a watershed moment which focused india is national conversation on an issue previously left in the shadows violence against wom  chars,"['nirbhaya', 'years', 'lives', 'delhi', 'gang', 'rape', 'changed', 'ten', 'years', 'ago', 'month', 'horrific', 'gang', 'rape', 'murder', 'delhi', 'watershed', 'moment', 'focused', 'india', 'national', 'conversation', 'issue', 'previously', 'left', 'shadows', 'violence', 'wom', 'chars']",nirbhaya year life delhi gang rape changed ten year ago month horrific gang rape murder delhi watershed moment focused india national conversation issue previously left shadow violence wom char
15,Kerala: Why Iranian filmmaker Mahnaz Mohammadi sent lock of hair to India film festival,https://www.facebook.com/bbcnews,"{'id': 'bbc-news', 'name': 'BBC News'}",Mahnaz Mohammadi sent a tuft of her hair to a film festival in the southern Indian state of Kerala.,"An Iranian filmmaker has sent a lock of her hair to a film festival in the southern Indian state of Kerala after she was banned from leaving the country. 
Mahnaz Mohammadi could not travel to India … [+4137 chars]",2022-12-13,https://www.bbc.co.uk/news/world-asia-india-63913487,https://ichef.bbci.co.uk/news/1024/branded_news/1728A/production/_127985849_48b1be4b-18a4-435a-9fd9-97571b1a9526.jpg,kerala why iranian filmmaker mahnaz mohammadi sent lock of hair to india film festival an iranian filmmaker has sent a lock of her hair to a film festival in the southern indian state of kerala after she was banned from leaving the country mahnaz mohammadi could not travel to india  chars,"['kerala', 'iranian', 'filmmaker', 'mahnaz', 'mohammadi', 'sent', 'lock', 'hair', 'india', 'film', 'festival', 'iranian', 'filmmaker', 'sent', 'lock', 'hair', 'film', 'festival', 'southern', 'indian', 'state', 'kerala', 'banned', 'leaving', 'country', 'mahnaz', 'mohammadi', 'could', 'travel', 'india', 'chars']",kerala iranian filmmaker mahnaz mohammadi sent lock hair india film festival iranian filmmaker sent lock hair film festival southern indian state kerala banned leaving country mahnaz mohammadi could travel india char
17,The countries launching missions to the Moon and beyond in 2023,https://www.facebook.com/bbcnews,"{'id': 'bbc-news', 'name': 'BBC News'}",In 2023 several countries will launch missions to the Moon and beyond.,"In 2023, Russia, India and the European Space Agency will be launching missions to the Moon, and further into deep space.
This follows Nasa's Artemis I mission, which recently made a lunar orbit, us… [+4075 chars]",2022-12-24,https://www.bbc.co.uk/news/science-environment-64002977,https://ichef.bbci.co.uk/news/1024/branded_news/298A/production/_127643601_artemisindex.png,the countries launching missions to the moon and beyond in  in  russia india and the european space agency will be launching missions to the moon and further into deep space this follows nasa is artemis i mission which recently made a lunar orbit us  chars,"['countries', 'launching', 'missions', 'moon', 'beyond', 'russia', 'india', 'european', 'space', 'agency', 'launching', 'missions', 'moon', 'deep', 'space', 'follows', 'nasa', 'artemis', 'mission', 'recently', 'made', 'lunar', 'orbit', 'us', 'chars']",country launching mission moon beyond russia india european space agency launching mission moon deep space follows nasa artemis mission recently made lunar orbit u char
18,Kerala: The sweet story of India's 'first' Christmas cake,https://www.facebook.com/bbcnews,"{'id': 'bbc-news', 'name': 'BBC News'}",The legend of India's first Christmas cake dates back 140 years to a small town in the southern state of Kerala.,"Prakash Mambally has a story to tell about the first Christmas cake made in India. 
In November 1883, a merchant named Murdock Brown went to the Royal Biscuit Factory in what is now the southern Ind… [+3895 chars]",2022-12-24,https://www.bbc.co.uk/news/world-asia-india-64062202,https://ichef.bbci.co.uk/news/1024/branded_news/B6BC/production/_128108764_mamballysroyalbiscuitfactorywheremurdockbrownwentwithapieceofcakehebroughtfromenglandandtipstomakeit140yearsback.jpg,kerala the sweet story of india is first christmas cake prakash mambally has a story to tell about the first christmas cake made in india in november  a merchant named murdock brown went to the royal biscuit factory in what is now the southern ind  chars,"['kerala', 'sweet', 'story', 'india', 'first', 'christmas', 'cake', 'prakash', 'mambally', 'story', 'tell', 'first', 'christmas', 'cake', 'made', 'india', 'november', 'merchant', 'named', 'murdock', 'brown', 'went', 'royal', 'biscuit', 'factory', 'southern', 'ind', 'chars']",kerala sweet story india first christmas cake prakash mambally story tell first christmas cake made india november merchant named murdock brown went royal biscuit factory southern ind char
19,Tamil Nadu: Indian man's search for father's lost grave ends in Malaysia,https://www.facebook.com/bbcnews,"{'id': 'bbc-news', 'name': 'BBC News'}",The man from Tamil Nadu was six months old when his father died 55 years ago.,"An Indian man, who lost his father when he was six months old, went to great lengths to locate and visit his final resting place miles away in another country. Prabhurao Anandan, a Tamil Nadu-based j… [+4395 chars]",2022-12-13,https://www.bbc.co.uk/news/world-asia-india-63913110,https://ichef.bbci.co.uk/news/1024/branded_news/17FEB/production/_127938289_capture.png,tamil nadu indian man is search for father is lost grave ends in malaysia an indian man who lost his father when he was six months old went to great lengths to locate and visit his final resting place miles away in another country prabhurao anandan a tamil nadu based j  chars,"['tamil', 'nadu', 'indian', 'man', 'search', 'father', 'lost', 'grave', 'ends', 'malaysia', 'indian', 'man', 'lost', 'father', 'six', 'months', 'old', 'went', 'great', 'lengths', 'locate', 'visit', 'final', 'resting', 'place', 'miles', 'away', 'another', 'country', 'prabhurao', 'anandan', 'tamil', 'nadu', 'based', 'j', 'chars']",tamil nadu indian man search father lost grave end malaysia indian man lost father six month old went great length locate visit final resting place mile away another country prabhurao anandan tamil nadu based j char
20,"Meta, Amazon, Twitter layoffs: 'Tech layoffs will not destroy our American dreams'",https://www.facebook.com/bbcnews,"{'id': 'bbc-news', 'name': 'BBC News'}","Surbhi Gupta, who was laid off in the US, on the uncertainties she and other visa holders are dealing with.","Recent mass layoffs at big US tech firms have plunged into uncertainty several Indians working on non-immigrant visas such as the H1-B. Surbhi Gupta, a product manager at Meta who was among those aff… [+5557 chars]",2022-12-05,https://www.bbc.co.uk/news/world-asia-india-63804055,https://ichef.bbci.co.uk/news/1024/branded_news/2015/production/_127831280_final.jpg,meta amazon twitter layoffs tech layoffs will not destroy our american dreams recent mass layoffs at big us tech firms have plunged into uncertainty several indians working on non immigrant visas such as the h b surbhi gupta a product manager at meta who was among those aff  chars,"['meta', 'amazon', 'twitter', 'layoffs', 'tech', 'layoffs', 'destroy', 'american', 'dreams', 'recent', 'mass', 'layoffs', 'big', 'us', 'tech', 'firms', 'plunged', 'uncertainty', 'several', 'indians', 'working', 'non', 'immigrant', 'visas', 'h', 'b', 'surbhi', 'gupta', 'product', 'manager', 'meta', 'among', 'aff', 'chars']",meta amazon twitter layoff tech layoff destroy american dream recent mass layoff big u tech firm plunged uncertainty several indian working non immigrant visa h b surbhi gupta product manager meta among aff char
21,"SpaceX moon flight to include DJ, YouTuber and K-pop rapper",https://www.facebook.com/bbcnews,"{'id': 'bbc-news', 'name': 'BBC News'}",A Japanese billionaire recruits an artists-only crew for a space voyage around the moon.,"A commercial DJ, K-pop rapper, and a space YouTuber are to go on a trip around the Moon, after they were picked by a Japanese billionaire for a private SpaceX flight.
Businessman Yusaku Maezawa reve… [+2969 chars]",2022-12-09,https://www.bbc.co.uk/news/world-asia-63912668,https://ichef.bbci.co.uk/news/1024/branded_news/1381A/production/_116389897_30934146778_db76aa9637_k-2.jpg,spacex moon flight to include dj youtuber and k pop rapper a commercial dj k pop rapper and a space youtuber are to go on a trip around the moon after they were picked by a japanese billionaire for a private spacex flight businessman yusaku maezawa reve  chars,"['spacex', 'moon', 'flight', 'include', 'dj', 'youtuber', 'k', 'pop', 'rapper', 'commercial', 'dj', 'k', 'pop', 'rapper', 'space', 'youtuber', 'go', 'trip', 'around', 'moon', 'picked', 'japanese', 'billionaire', 'private', 'spacex', 'flight', 'businessman', 'yusaku', 'maezawa', 'reve', 'chars']",spacex moon flight include dj youtuber k pop rapper commercial dj k pop rapper space youtuber go trip around moon picked japanese billionaire private spacex flight businessman yusaku maezawa reve char
22,World Cup 2022: TikTok brings football fever to millions of fans,https://www.facebook.com/bbcnews,"{'id': 'bbc-news', 'name': 'BBC News'}",The #FifaWorldCup hashtag is bringing in billions of views as football fever hits social media.,"From Bukayo Saka's spelling school to team analysis and score predictions, our social feeds are showing us loads of content from the Qatar World Cup.
Videos under the #FifaWorldCup hashtag have been… [+4581 chars]",2022-12-10,https://www.bbc.co.uk/news/newsbeat-63917104,https://ichef.bbci.co.uk/news/1024/branded_news/7F67/production/_127951623_ben2.jpg,world cup  tiktok brings football fever to millions of fans from bukayo saka is spelling school to team analysis and score predictions our social feeds are showing us loads of content from the qatar world cup videos under the fifaworldcup hashtag have been  chars,"['world', 'cup', 'tiktok', 'brings', 'football', 'fever', 'millions', 'fans', 'bukayo', 'saka', 'spelling', 'school', 'team', 'analysis', 'score', 'predictions', 'social', 'feeds', 'showing', 'us', 'loads', 'content', 'qatar', 'world', 'cup', 'videos', 'fifaworldcup', 'hashtag', 'chars']",world cup tiktok brings football fever million fan bukayo saka spelling school team analysis score prediction social feed showing u load content qatar world cup video fifaworldcup hashtag char
23,Should countries try to do everything themselves?,https://www.facebook.com/bbcnews,"{'id': 'bbc-news', 'name': 'BBC News'}","In recent years, some world leaders have been making arguments for countries becoming more self-reliant.","Would it be better if a country simply produced everything it needed within its own borders rather than importing things from abroad? Would that make the country more secure, perhaps richer?
It soun… [+5382 chars]",2022-12-08,https://www.bbc.co.uk/news/business-63780833,https://ichef.bbci.co.uk/news/1024/branded_news/C444/production/_127844205_gettyimages-127544284.jpg,should countries try to do everything themselves would it be better if a country simply produced everything it needed within its own borders rather than importing things from abroad would that make the country more secure perhaps richer it soun  chars,"['countries', 'try', 'everything', 'would', 'better', 'country', 'simply', 'produced', 'everything', 'needed', 'within', 'borders', 'rather', 'importing', 'things', 'abroad', 'would', 'make', 'country', 'secure', 'perhaps', 'richer', 'soun', 'chars']",country try everything would better country simply produced everything needed within border rather importing thing abroad would make country secure perhaps richer soun char
24,Skilled tech workers snapped up despite downturn,https://www.facebook.com/bbcnews,"{'id': 'bbc-news', 'name': 'BBC News'}","For those with experience in AI, automation and cloud computing the tech downturn is not a big problem.","Jaydeep Vacchani, a software developer in Toronto, began to hunt for a new job just as the surge of layoffs in the technology sector spread across the world.
Mr Vacchani found that his expertise in … [+5649 chars]",2022-12-16,https://www.bbc.co.uk/news/business-63871090,https://ichef.bbci.co.uk/news/1024/branded_news/10325/production/_127914366_jaydeep_vachhani.jpg,skilled tech workers snapped up despite downturn jaydeep vacchani a software developer in toronto began to hunt for a new job just as the surge of layoffs in the technology sector spread across the world mr vacchani found that his expertise in  chars,"['skilled', 'tech', 'workers', 'snapped', 'despite', 'downturn', 'jaydeep', 'vacchani', 'software', 'developer', 'toronto', 'began', 'hunt', 'new', 'job', 'surge', 'layoffs', 'technology', 'sector', 'spread', 'across', 'world', 'mr', 'vacchani', 'found', 'expertise', 'chars']",skilled tech worker snapped despite downturn jaydeep vacchani software developer toronto began hunt new job surge layoff technology sector spread across world mr vacchani found expertise char
25,"The world is burning more coal than ever before, new report shows",Ivana Kottasová,"{'id': 'cnn', 'name': 'CNN'}","The global energy crisis caused by Russia's war on Ukraine has pushed global demand for coal -- the most polluting of all fossil fuels -- to a record high in 2022, the International Energy Agency (IEA) said on Friday.","The global energy crisis caused by Russias war on Ukraine has pushed global demand for coal the most polluting of all fossil fuels to a record high in 2022, the International Energy Agency (IEA) said… [+4894 chars]",2022-12-16,https://www.cnn.com/2022/12/16/world/coal-use-record-high-climate-intl/index.html,"https://media.cnn.com/api/v1/images/stellar/prod/221120064232-coal-wind-energy-germany-file.jpg?c=16x9&q=w_800,c_fill",the world is burning more coal than ever before new report shows the global energy crisis caused by russias war on ukraine has pushed global demand for coal the most polluting of all fossil fuels to a record high in  the international energy agency iea said  chars,"['world', 'burning', 'coal', 'ever', 'new', 'report', 'shows', 'global', 'energy', 'crisis', 'caused', 'russias', 'war', 'ukraine', 'pushed', 'global', 'demand', 'coal', 'polluting', 'fossil', 'fuels', 'record', 'high', 'international', 'energy', 'agency', 'iea', 'said', 'chars']",world burning coal ever new report show global energy crisis caused russia war ukraine pushed global demand coal polluting fossil fuel record high international energy agency iea said char
26,The couple who met on a plane on Christmas,"Francesca Street, CNN","{'id': 'cnn', 'name': 'CNN'}","Catalina Bernal Andrade and Mauricio García Marulanda were strangers who fell in love when they sat next to one another on a JetBlue airplane flying from Bogota, Colombia to Orlando, Florida on December 25, 2009.","(CNN) For Catalina Bernal Andrade, Christmas 2009 was unusual -- in more ways than one.
That year, Catalina's father had been diagnosed with colon cancer. Catalina, then 31, had moved back into her … [+14244 chars]",2022-12-23,https://www.cnn.com/travel/article/chance-encounters-christmas-day-airplane-romance/index.html,https://cdn.cnn.com/cnnnext/dam/assets/221220093537-02-body-chance-encounters-christmas-day-airplane-super-tease.jpg,the couple who met on a plane on christmas cnn for catalina bernal andrade christmas  was unusual in more ways than one that year catalina is father had been diagnosed with colon cancer catalina then  had moved back into her  chars,"['couple', 'met', 'plane', 'christmas', 'cnn', 'catalina', 'bernal', 'andrade', 'christmas', 'unusual', 'ways', 'one', 'year', 'catalina', 'father', 'diagnosed', 'colon', 'cancer', 'catalina', 'moved', 'back', 'chars']",couple met plane christmas cnn catalina bernal andrade christmas unusual way one year catalina father diagnosed colon cancer catalina moved back char
27,Is the worst over for bitcoin and the rest of crypto?,Paul R. La Monica,"{'id': 'cnn', 'name': 'CNN'}",The meltdown of FTX has sent the price of bitcoin and other cryptocurrencies tumbling more than 60% this year...and the carnage has spread to publicly traded companies with exposure to digital assets.,"A version of this story first appeared in CNN Business Before the Bell newsletter. Not a subscriber? You can sign up right here.
The meltdown of FTX has sent the price of bitcoin and other cryptocur… [+5753 chars]",2022-12-04,https://www.cnn.com/2022/12/04/investing/stocks-week-ahead/index.html,"https://media.cnn.com/api/v1/images/stellar/prod/221201124830-bitcoin-cryptocurrency-0918-restricted.jpg?c=16x9&q=w_800,c_fill",is the worst over for bitcoin and the rest of crypto a version of this story first appeared in cnn business before the bell newsletter not a subscriber you can sign up right here the meltdown of ftx has sent the price of bitcoin and other cryptocur  chars,"['worst', 'bitcoin', 'rest', 'crypto', 'version', 'story', 'first', 'appeared', 'cnn', 'business', 'bell', 'newsletter', 'subscriber', 'sign', 'right', 'meltdown', 'ftx', 'sent', 'price', 'bitcoin', 'cryptocur', 'chars']",worst bitcoin rest crypto version story first appeared cnn business bell newsletter subscriber sign right meltdown ftx sent price bitcoin cryptocur char
28,"In Britain, nearly 200,000 workers are striking on Black Friday",Hanna Ziady,"{'id': 'cnn', 'name': 'CNN'}","Britain's cost-of-living crisis is already taking the shine off Black Friday. Now, the annual shopping bonanza faces an additional threat from strikes that could disrupt deliveries, subdue online sales and deliver another blow to the slumping economy.","Britains cost-of-living crisis is already taking the shine off Black Friday. Now, the annual shopping bonanza faces an additional threat from strikes that could disrupt deliveries, subdue online sale… [+5116 chars]",2022-11-25,https://www.cnn.com/2022/11/25/business/black-friday-strikes-britain/index.html,"https://media.cnn.com/api/v1/images/stellar/prod/221124083734-02-royal-mail-strike-1124-restricted.jpg?c=16x9&q=w_800,c_fill",in britain nearly   workers are striking on black friday britains cost of living crisis is already taking the shine off black friday now the annual shopping bonanza faces an additional threat from strikes that could disrupt deliveries subdue online sale  chars,"['britain', 'nearly', 'workers', 'striking', 'black', 'friday', 'britains', 'cost', 'living', 'crisis', 'already', 'taking', 'shine', 'black', 'friday', 'annual', 'shopping', 'bonanza', 'faces', 'additional', 'threat', 'strikes', 'could', 'disrupt', 'deliveries', 'subdue', 'online', 'sale', 'chars']",britain nearly worker striking black friday britain cost living crisis already taking shine black friday annual shopping bonanza face additional threat strike could disrupt delivery subdue online sale char
29,"Analysis: Blasts deep inside Russia hand Putin a fresh problem, with no obvious answer","by Nick Paton Walsh, International Security Editor","{'id': 'cnn', 'name': 'CNN'}",Moscow's accusation that Ukrainian drones struck two airbases deep inside Russia has once again raised the febrile question of escalation nine months into the war.,"Moscows accusation that Ukrainian drones struck two airbases deep inside Russia has once again raised the febrile question of escalation nine months into the war. 
The strikes are an extraordinary b… [+5548 chars]",2022-12-06,https://www.cnn.com/2022/12/06/europe/russia-ukraine-strikes-analysis-intl/index.html,"https://media.cnn.com/api/v1/images/stellar/prod/221205132416-cctv-footage-russian-air-base-engels-120522.jpg?c=16x9&q=w_800,c_fill",analysis blasts deep inside russia hand putin a fresh problem with no obvious answer moscows accusation that ukrainian drones struck two airbases deep inside russia has once again raised the febrile question of escalation nine months into the war the strikes are an extraordinary b  chars,"['analysis', 'blasts', 'deep', 'inside', 'russia', 'hand', 'putin', 'fresh', 'problem', 'obvious', 'answer', 'moscows', 'accusation', 'ukrainian', 'drones', 'struck', 'two', 'airbases', 'deep', 'inside', 'russia', 'raised', 'febrile', 'question', 'escalation', 'nine', 'months', 'war', 'strikes', 'extraordinary', 'b', 'chars']",analysis blast deep inside russia hand putin fresh problem obvious answer moscow accusation ukrainian drone struck two airbases deep inside russia raised febrile question escalation nine month war strike extraordinary b char
30,'People thought I was crazy:' The Sicilian man upending panettone tradition,"By Jacopo Prisco, CNN","{'id': 'cnn', 'name': 'CNN'}","When thinking of Sicily, it's easy to imagine white sandy beaches, timeless architecture and a host of delicacies like arancini, caponata and cannoli. But panettone would not be among the first things to come to mind.","(CNN) When thinking of Sicily, it's easy to imagine white sandy beaches, timeless architecture and a host of delicacies like arancini, caponata and cannoli. But panettone would not be among the first… [+5123 chars]",2022-12-19,https://www.cnn.com/travel/article/fiasconaro-artisanal-panettone-sicily-spc/index.html,https://cdn.cnn.com/cnnnext/dam/assets/221213140135-fiasconaro02-super-tease.jpg,people thought i was crazy the sicilian man upending panettone tradition cnn when thinking of sicily it is easy to imagine white sandy beaches timeless architecture and a host of delicacies like arancini caponata and cannoli but panettone would not be among the first  chars,"['people', 'thought', 'crazy', 'sicilian', 'man', 'upending', 'panettone', 'tradition', 'cnn', 'thinking', 'sicily', 'easy', 'imagine', 'white', 'sandy', 'beaches', 'timeless', 'architecture', 'host', 'delicacies', 'like', 'arancini', 'caponata', 'cannoli', 'panettone', 'would', 'among', 'first', 'chars']",people thought crazy sicilian man upending panettone tradition cnn thinking sicily easy imagine white sandy beach timeless architecture host delicacy like arancini caponata cannoli panettone would among first char
31,Tropical vineyards put India on the wine map,https://www.facebook.com/bbcnews,"{'id': 'bbc-news', 'name': 'BBC News'}","With little history of wine-drinking and unfavourable weather, developing vineyards in India is tough work.","What do you do to develop a wine industry in a country with no tradition of wine-drinking and a climate which doesn't favour grape-growing?
In India, innovative producers have adopted a range of app… [+5538 chars]",2022-12-13,https://www.bbc.co.uk/news/business-62993189,https://ichef.bbci.co.uk/news/1024/branded_news/16DC6/production/_126883639_2.jpg,tropical vineyards put india on the wine map what do you do to develop a wine industry in a country with no tradition of wine drinking and a climate which does not favour grape growing in india innovative producers have adopted a range of app  chars,"['tropical', 'vineyards', 'put', 'india', 'wine', 'map', 'develop', 'wine', 'industry', 'country', 'tradition', 'wine', 'drinking', 'climate', 'favour', 'grape', 'growing', 'india', 'innovative', 'producers', 'adopted', 'range', 'app', 'chars']",tropical vineyard put india wine map develop wine industry country tradition wine drinking climate favour grape growing india innovative producer adopted range app char
32,Drugs: India police say rats ate 200kg of seized cannabis,https://www.facebook.com/bbcnews,"{'id': 'bbc-news', 'name': 'BBC News'}",Police in India have blamed rats for destroying nearly 200kg of seized cannabis in police stations.,"Police in India have blamed rats for destroying nearly 200kg (440lbs) of cannabis seized from pedlars and kept in police stations.
""Rats are tiny animals and they have no fear of the police. It's di… [+1636 chars]",2022-11-24,https://www.bbc.co.uk/news/world-asia-india-63739836,https://ichef.bbci.co.uk/news/1024/branded_news/B6C7/production/_102119764_gettyimages-482246112.jpg,drugs india police say rats ate kg of seized cannabis police in india have blamed rats for destroying nearly kg lbs of cannabis seized from pedlars and kept in police stations rats are tiny animals and they have no fear of the police it is di  chars,"['drugs', 'india', 'police', 'say', 'rats', 'ate', 'kg', 'seized', 'cannabis', 'police', 'india', 'blamed', 'rats', 'destroying', 'nearly', 'kg', 'lbs', 'cannabis', 'seized', 'pedlars', 'kept', 'police', 'stations', 'rats', 'tiny', 'animals', 'fear', 'police', 'di', 'chars']",drug india police say rat ate kg seized cannabis police india blamed rat destroying nearly kg lb cannabis seized pedlar kept police station rat tiny animal fear police di char
33,"Chennai: Transfer of 1,000 India crocodiles raises thorny question",https://www.facebook.com/bbcnews,"{'id': 'bbc-news', 'name': 'BBC News'}","The reptiles are being moved from a breeding centre to a far-away zoo, making conservationists uncomfortable.","A crocodile breeding centre in India is the process of shifting 1,000 crocodiles to a zoo located some 1,931km (1,200 miles) away - and owned by billionaire Mukesh Ambani.
Last year India's zoo regu… [+3120 chars]",2022-12-03,https://www.bbc.co.uk/news/world-asia-india-63740095,https://ichef.bbci.co.uk/news/1024/branded_news/D1E8/production/_127763735_screenshot2022-11-24at12.41.16pm.png,chennai transfer of   india crocodiles raises thorny question a crocodile breeding centre in india is the process of shifting   crocodiles to a zoo located some  km   miles away and owned by billionaire mukesh ambani last year india is zoo regu  chars,"['chennai', 'transfer', 'india', 'crocodiles', 'raises', 'thorny', 'question', 'crocodile', 'breeding', 'centre', 'india', 'process', 'shifting', 'crocodiles', 'zoo', 'located', 'km', 'miles', 'away', 'owned', 'billionaire', 'mukesh', 'ambani', 'last', 'year', 'india', 'zoo', 'regu', 'chars']",chennai transfer india crocodile raise thorny question crocodile breeding centre india process shifting crocodile zoo located km mile away owned billionaire mukesh ambani last year india zoo regu char
34,Noora and Adhila: Kerala lesbian 'brides' in 'wedding' photoshoot,https://www.facebook.com/bbcnews,"{'id': 'bbc-news', 'name': 'BBC News'}",Gay marriage is not legal in India but congratulations poured in as the couple posed for wedding photos.,"""There's freedom now, we can live our dreams.""
Adhila Nasarin and Fathima Noora made headlines earlier this year when a court in the southern Indian state of Kerala reunited the two women after they… [+5155 chars]",2022-11-26,https://www.bbc.co.uk/news/world-asia-india-63725898,https://ichef.bbci.co.uk/news/1024/branded_news/18477/production/_127774499_an4.jpg,noora and adhila kerala lesbian brides in wedding photoshoot there is freedom now we can live our dreams adhila nasarin and fathima noora made headlines earlier this year when a court in the southern indian state of kerala reunited the two women after they  chars,"['noora', 'adhila', 'kerala', 'lesbian', 'brides', 'wedding', 'photoshoot', 'freedom', 'live', 'dreams', 'adhila', 'nasarin', 'fathima', 'noora', 'made', 'headlines', 'earlier', 'year', 'court', 'southern', 'indian', 'state', 'kerala', 'reunited', 'two', 'women', 'chars']",noora adhila kerala lesbian bride wedding photoshoot freedom live dream adhila nasarin fathima noora made headline earlier year court southern indian state kerala reunited two woman char
35,Tatas' Air India-Vistara merger: Can the group conquer Indian skies?,https://www.facebook.com/bbcnews,"{'id': 'bbc-news', 'name': 'BBC News'}","Air India and Vistara will merge to create India's second-largest domestic carrier, but there are challenges.","The upcoming merger between Air India and Vistara - both operated by Indian conglomerate Tata Group - is a sound decision, experts say, but can the combined entity take on domestic market leader Indi… [+3304 chars]",2022-12-02,https://www.bbc.co.uk/news/world-asia-india-63817820,https://ichef.bbci.co.uk/news/1024/branded_news/2782/production/_127841101_gettyimages-1236766483-594x594.jpg,tatas air india vistara merger can the group conquer indian skies the upcoming merger between air india and vistara both operated by indian conglomerate tata group is a sound decision experts say but can the combined entity take on domestic market leader indi  chars,"['tatas', 'air', 'india', 'vistara', 'merger', 'group', 'conquer', 'indian', 'skies', 'upcoming', 'merger', 'air', 'india', 'vistara', 'operated', 'indian', 'conglomerate', 'tata', 'group', 'sound', 'decision', 'experts', 'say', 'combined', 'entity', 'take', 'domestic', 'market', 'leader', 'indi', 'chars']",tatas air india vistara merger group conquer indian sky upcoming merger air india vistara operated indian conglomerate tata group sound decision expert say combined entity take domestic market leader indi char
36,Rahul Gandhi's Bharat Jodo Yatra: Can unity walk help defeat India PM Modi?,https://www.facebook.com/bbcnews,"{'id': 'bbc-news', 'name': 'BBC News'}",The Indian opposition leader is halfway through a five-month-long march aimed at reviving his Congress party.,"Rahul Gandhi, leader of India's beleaguered opposition party, the Indian National Congress, is halfway and more than 2,000km (1,240 miles) into a long 'unity march' across India. 
The five-month-lon… [+6950 chars]",2022-11-25,https://www.bbc.co.uk/news/world-asia-india-63725897,https://ichef.bbci.co.uk/news/1024/branded_news/205C/production/_127748280_congress1.jpg,rahul gandhi is bharat jodo yatra can unity walk help defeat india pm modi rahul gandhi leader of india is beleaguered opposition party the indian national congress is halfway and more than  km   miles into a long unity march across india the five month lon  chars,"['rahul', 'gandhi', 'bharat', 'jodo', 'yatra', 'unity', 'walk', 'help', 'defeat', 'india', 'pm', 'modi', 'rahul', 'gandhi', 'leader', 'india', 'beleaguered', 'opposition', 'party', 'indian', 'national', 'congress', 'halfway', 'km', 'miles', 'long', 'unity', 'march', 'across', 'india', 'five', 'month', 'lon', 'chars']",rahul gandhi bharat jodo yatra unity walk help defeat india pm modi rahul gandhi leader india beleaguered opposition party indian national congress halfway km mile long unity march across india five month lon char
37,"Serial killer The Serpent, Charles Sobhraj, freed from Nepal jail",https://www.facebook.com/bbcnews,"{'id': 'bbc-news', 'name': 'BBC News'}","Charles Sobhraj, convicted of killing two women in 1975, was linked to tourist murders in South East Asia.","A French serial killer linked to a string of tourist murders in South East Asia in the 1970s has been freed from a Nepalese prison.
Charles Sobhraj, known as The Serpent, was released after a court … [+1031 chars]",2022-12-23,https://www.bbc.co.uk/news/world-asia-64073271,https://ichef.bbci.co.uk/news/1024/branded_news/6B89/production/_128092572_gettyimages-114949405.jpg,serial killer the serpent charles sobhraj freed from nepal jail a french serial killer linked to a string of tourist murders in south east asia in the s has been freed from a nepalese prison charles sobhraj known as the serpent was released after a court  chars,"['serial', 'killer', 'serpent', 'charles', 'sobhraj', 'freed', 'nepal', 'jail', 'french', 'serial', 'killer', 'linked', 'string', 'tourist', 'murders', 'south', 'east', 'asia', 'freed', 'nepalese', 'prison', 'charles', 'sobhraj', 'known', 'serpent', 'released', 'court', 'chars']",serial killer serpent charles sobhraj freed nepal jail french serial killer linked string tourist murder south east asia freed nepalese prison charles sobhraj known serpent released court char
38,Priyanka Chopra Jonas on Bollywood: 'I’d earn 10% of my male co-actor’s salary',https://www.facebook.com/bbcnews,"{'id': 'bbc-news', 'name': 'BBC News'}","The actress spoke about her experience with pay parity, body shaming and the pressure of social media.","Media caption, Priyanka Chopra Jonas on Bollywood: Id get paid 10 per cent of my male co-actor
Actress Priyanka Chopra Jonas tells BBC 100 Women that she received equal pay to her male co-actor for … [+5403 chars]",2022-12-07,https://www.bbc.co.uk/news/world-asia-63883106,https://ichef.bbci.co.uk/news/1024/branded_news/11A10/production/_127880227_2.jpg,priyanka chopra jonas on bollywood i d earn  of my male co actor s salary media caption priyanka chopra jonas on bollywood id get paid  per cent of my male co actor actress priyanka chopra jonas tells bbc  women that she received equal pay to her male co actor for  chars,"['priyanka', 'chopra', 'jonas', 'bollywood', 'earn', 'male', 'co', 'actor', 'salary', 'media', 'caption', 'priyanka', 'chopra', 'jonas', 'bollywood', 'id', 'get', 'paid', 'per', 'cent', 'male', 'co', 'actor', 'actress', 'priyanka', 'chopra', 'jonas', 'tells', 'bbc', 'women', 'received', 'equal', 'pay', 'male', 'co', 'actor', 'chars']",priyanka chopra jonas bollywood earn male co actor salary medium caption priyanka chopra jonas bollywood id get paid per cent male co actor actress priyanka chopra jonas tell bbc woman received equal pay male co actor char
39,Are women getting angrier?,https://www.facebook.com/bbcnews,"{'id': 'bbc-news', 'name': 'BBC News'}","An annual poll suggests that women, on average worldwide, are getting angrier. Why might this be?","An annual poll by Gallup suggests that women, on average worldwide, have been getting angrier over the past 10 years. Why might this be?
Two years ago Tahsha Renee was standing in her kitchen when a… [+8099 chars]",2022-12-07,https://www.bbc.co.uk/news/world-63874001,https://ichef.bbci.co.uk/news/1024/branded_news/D34A/production/_127909045_f71a4a10-cfe6-4197-838f-d63fbe12d01a.jpg,are women getting angrier an annual poll by gallup suggests that women on average worldwide have been getting angrier over the past  years why might this be two years ago tahsha renee was standing in her kitchen when a  chars,"['women', 'getting', 'angrier', 'annual', 'poll', 'gallup', 'suggests', 'women', 'average', 'worldwide', 'getting', 'angrier', 'past', 'years', 'might', 'two', 'years', 'ago', 'tahsha', 'renee', 'standing', 'kitchen', 'chars']",woman getting angrier annual poll gallup suggests woman average worldwide getting angrier past year might two year ago tahsha renee standing kitchen char
40,US lawmakers unveil TikTok ban bill over China security fears,https://www.facebook.com/bbcnews,"{'id': 'bbc-news', 'name': 'BBC News'}","TikTok, owned by Chinese firm ByteDance , has called the effort ""politically motivated"".","US lawmakers have proposed a ban on TikTok - the social media app known for its short viral videos - citing concerns about national security.
The bipartisan bill is the latest move in the US against… [+2632 chars]",2022-12-13,https://www.bbc.co.uk/news/business-63965553,https://ichef.bbci.co.uk/news/1024/branded_news/70B1/production/_127994882_gettyimages-1438609724.jpg,us lawmakers unveil tiktok ban bill over china security fears us lawmakers have proposed a ban on tiktok the social media app known for its short viral videos citing concerns about national security the bipartisan bill is the latest move in the us against  chars,"['us', 'lawmakers', 'unveil', 'tiktok', 'ban', 'bill', 'china', 'security', 'fears', 'us', 'lawmakers', 'proposed', 'ban', 'tiktok', 'social', 'media', 'app', 'known', 'short', 'viral', 'videos', 'citing', 'concerns', 'national', 'security', 'bipartisan', 'bill', 'latest', 'move', 'us', 'chars']",u lawmaker unveil tiktok ban bill china security fear u lawmaker proposed ban tiktok social medium app known short viral video citing concern national security bipartisan bill latest move u char
42,Bangladesh accused of violent crackdown on free speech,https://www.facebook.com/bbcnews,"{'id': 'bbc-news', 'name': 'BBC News'}",Bangladesh denies it is cracking down on freedom of expression as opposition calls for protest march.,"""I was treated like an animal in a zoo. I was permanently blindfolded - the only time they removed my handcuffs from behind my back was to eat.""
Bangladeshi journalist Shafiqul Islam Kajol, known as… [+7445 chars]",2022-12-10,https://www.bbc.co.uk/news/world-asia-63917621,https://ichef.bbci.co.uk/news/1024/branded_news/12484/production/_127948847_8.png,bangladesh accused of violent crackdown on free speech i was treated like an animal in a zoo i was permanently blindfolded the only time they removed my handcuffs from behind my back was to eat bangladeshi journalist shafiqul islam kajol known as  chars,"['bangladesh', 'accused', 'violent', 'crackdown', 'free', 'speech', 'treated', 'like', 'animal', 'zoo', 'permanently', 'blindfolded', 'time', 'removed', 'handcuffs', 'behind', 'back', 'eat', 'bangladeshi', 'journalist', 'shafiqul', 'islam', 'kajol', 'known', 'chars']",bangladesh accused violent crackdown free speech treated like animal zoo permanently blindfolded time removed handcuff behind back eat bangladeshi journalist shafiqul islam kajol known char
43,Apple tries to improve iPhone 14’s crash detection with iOS 16.1.2,Samuel Axon,"{'id': 'ars-technica', 'name': 'Ars Technica'}",A much bigger iOS update numbered 16.2 is expected soon.,"Enlarge/ An iPhone and Apple Watch showing the crash detection feature.
2 with 0 posters participating
Apple released a minor software update for iPhones today. Unlike many of its other iOS updates… [+2099 chars]",2022-11-30,https://arstechnica.com/gadgets/2022/11/apple-tries-to-improve-iphone-14s-crash-detection-with-ios-16-1-2/,https://cdn.arstechnica.net/wp-content/uploads/2022/11/iPhone-Crash-Detection-760x380.png,apple tries to improve iphone  s crash detection with ios    enlarge an iphone and apple watch showing the crash detection feature  with  posters participating apple released a minor software update for iphones today unlike many of its other ios updates  chars,"['apple', 'tries', 'improve', 'iphone', 'crash', 'detection', 'ios', 'enlarge', 'iphone', 'apple', 'watch', 'showing', 'crash', 'detection', 'feature', 'posters', 'participating', 'apple', 'released', 'minor', 'software', 'update', 'iphones', 'today', 'unlike', 'many', 'ios', 'updates', 'chars']",apple try improve iphone crash detection io enlarge iphone apple watch showing crash detection feature poster participating apple released minor software update iphones today unlike many io update char
44,The evolution of whales from land to sea,Knowable Magazine,"{'id': None, 'name': 'Knowablemagazine.org'}",Genomes of cetaceans help tell story of mammals who returned to life aquatic.,"Enlarge/ Whales and their kin evolved from land-dwelling mammals, a transition that entailed major physiological and morphological changeswhich geneticists have begun to parse.
10 with 0 posters par… [+6551 chars]",2022-11-26,https://knowablemagazine.org/article/living-world/2022/evolution-whales-land-to-sea,https://cdn.arstechnica.net/wp-content/uploads/2021/04/whales9-760x380.jpg,the evolution of whales from land to sea enlarge whales and their kin evolved from land dwelling mammals a transition that entailed major physiological and morphological changeswhich geneticists have begun to parse  with  posters par  chars,"['evolution', 'whales', 'land', 'sea', 'enlarge', 'whales', 'kin', 'evolved', 'land', 'dwelling', 'mammals', 'transition', 'entailed', 'major', 'physiological', 'morphological', 'changeswhich', 'geneticists', 'begun', 'parse', 'posters', 'par', 'chars']",evolution whale land sea enlarge whale kin evolved land dwelling mammal transition entailed major physiological morphological changeswhich geneticist begun parse poster par char
